<?xml version="1.0" encoding="UTF-8"?>
<project-private xmlns="http://www.netbeans.org/ns/project-private/1">
    <editor-bookmarks xmlns="http://www.netbeans.org/ns/editor-bookmarks/2" lastBookmarkId="0"/>
    <open-files xmlns="http://www.netbeans.org/ns/projectui-open-files/2">
        <group>
            <file>file:/D:/NetBeans%20-%20projects/InternetShop/web/rejestracja.html</file>
            <file>file:/D:/NetBeans%20-%20projects/InternetShop/web/bluzy.html</file>
            <file>file:/D:/NetBeans%20-%20projects/InternetShop/web/swetry.html</file>
            <file>file:/D:/NetBeans%20-%20projects/InternetShop/web/logowanie.html</file>
            <file>file:/D:/NetBeans%20-%20projects/InternetShop/web/moje_konto.html</file>
            <file>file:/D:/NetBeans%20-%20projects/InternetShop/web/regulamin.html</file>
            <file>file:/D:/NetBeans%20-%20projects/InternetShop/web/index.html</file>
            <file>file:/D:/NetBeans%20-%20projects/InternetShop/web/zdjecia.html</file>
            <file>file:/D:/NetBeans%20-%20projects/InternetShop/web/logo.png</file>
            <file>file:/D:/NetBeans%20-%20projects/InternetShop/web/kontakt.html</file>
            <file>file:/D:/NetBeans%20-%20projects/InternetShop/web/produkty.html</file>
        </group>
    </open-files>
</project-private>
